study_hours,attendance,previous_marks,sleep_hours,extracurricular,final_marks
4.4,43.0,43.3,7.4,1,48.9
9.6,67.9,42.3,8.0,0,70.5
7.6,91.1,88.4,5.3,1,76.1
6.4,81.3,42.5,7.1,0,53.1
2.4,86.5,44.0,6.9,0,46.9
2.4,76.1,78.2,8.2,0,63.7
1.5,78.5,56.5,8.5,1,51.5
8.8,89.4,79.4,4.1,0,72.7
6.4,47.5,29.6,7.4,1,46.4
7.4,64.3,59.1,4.3,0,57.8
1.2,45.5,27.4,6.7,1,21.7
9.7,99.1,29.4,5.4,0,59.4
8.5,96.1,88.5,5.5,1,90.3
2.9,32.8,34.7,5.8,1,37.0
2.6,79.4,62.3,7.1,1,57.8
2.7,94.8,53.8,5.7,1,57.2
3.7,42.6,49.3,7.7,1,50.2
5.7,69.8,88.0,6.0,1,80.5
4.9,94.1,26.5,4.3,0,38.5
3.6,32.4,71.5,7.9,1,65.6
6.5,78.8,92.4,5.4,1,83.1
2.3,50.8,64.2,6.2,1,54.4
3.6,94.7,90.6,7.4,0,69.1
4.3,98.0,28.7,5.7,0,42.0
5.1,96.1,54.3,4.3,0,52.3
8.1,63.2,43.2,5.9,1,55.0
2.8,90.3,76.2,8.7,0,61.6
5.6,89.1,93.7,7.2,0,75.9
6.3,52.3,43.0,7.4,1,61.5
1.4,88.0,70.8,7.2,1,64.8
6.5,32.6,38.9,5.0,0,52.6
2.5,71.7,64.6,6.1,1,51.4
1.6,46.1,57.5,7.8,1,49.3
9.5,38.4,93.0,4.5,1,79.7
9.7,35.4,67.6,5.4,1,69.0
8.3,78.7,49.5,5.4,0,56.5
3.7,53.8,33.0,6.2,1,45.2
1.9,80.7,35.6,8.9,0,37.9
7.2,34.6,40.8,4.3,0,51.6
5.0,52.1,42.6,6.6,0,48.8
2.1,67.8,84.5,4.9,0,71.6
5.5,85.4,64.3,8.9,1,61.4
1.3,52.3,61.6,4.6,1,53.6
9.2,73.8,33.0,6.0,1,60.4
3.3,92.0,85.2,7.7,0,66.6
7.0,73.1,75.6,7.5,0,76.4
3.8,46.3,29.7,6.1,0,36.7
5.7,31.7,74.5,5.7,1,64.5
5.9,90.9,63.0,6.0,0,60.0
2.7,31.5,30.7,5.3,1,30.6
9.7,91.2,57.1,5.0,1,79.5
8.0,67.0,58.9,6.4,1,66.7
9.5,95.7,36.6,5.3,1,63.3
9.1,85.9,91.2,5.4,0,82.7
6.4,99.9,84.5,7.3,1,77.7
9.3,54.5,71.8,8.8,0,79.6
1.8,83.7,57.4,7.0,1,47.1
2.8,58.1,53.8,4.4,0,44.3
1.4,63.6,70.6,4.4,0,52.3
3.9,73.9,63.2,8.8,1,61.9
4.5,91.2,29.4,5.5,1,42.7
3.4,98.9,60.9,4.5,1,59.6
8.5,83.8,81.4,7.0,0,82.8
4.2,59.2,57.1,7.1,1,58.9
3.5,59.5,28.6,7.2,1,34.7
5.9,81.6,80.0,5.3,0,70.0
2.3,46.7,39.1,4.1,1,42.5
8.2,37.7,43.1,8.8,0,58.6
1.7,54.8,36.5,5.3,1,31.1
9.9,50.1,48.1,7.4,0,63.5
8.0,50.7,78.0,7.5,0,66.1
2.8,46.4,61.4,7.1,1,53.8
1.0,32.9,39.3,5.6,0,39.5
8.3,31.3,86.4,5.4,1,74.4
7.4,99.1,86.6,7.0,1,80.8
7.6,59.9,85.9,8.3,0,81.9
7.9,56.9,41.7,8.7,1,51.7
1.7,77.6,56.6,4.5,0,44.2
4.2,45.3,93.9,4.8,0,72.9
2.0,96.5,79.0,8.7,0,62.5
8.8,85.0,26.9,7.7,0,50.5
6.6,36.3,29.6,8.4,0,46.1
4.0,59.2,57.5,5.0,0,53.2
1.6,91.5,88.6,6.9,0,68.5
3.8,96.1,62.7,7.5,0,58.2
3.9,62.7,59.8,7.4,1,58.8
7.6,72.9,32.4,6.0,1,50.9
6.7,41.7,71.0,4.1,0,65.1
9.0,99.4,82.5,6.9,1,83.8
5.2,46.2,51.6,5.3,1,52.0
2.1,96.0,79.3,6.3,1,62.0
7.4,75.5,92.5,8.8,1,86.3
7.8,72.5,39.3,6.0,1,52.4
6.1,65.9,61.6,8.2,1,60.3
7.9,46.1,45.1,4.9,0,54.1
5.4,42.4,80.5,7.4,1,71.3
5.7,45.4,65.4,8.9,1,67.5
4.8,43.1,69.4,4.5,1,58.9
1.2,84.6,80.9,4.0,1,63.3
2.0,54.5,52.7,6.2,0,46.6
1.3,34.0,89.1,4.5,0,61.0
6.7,97.8,62.3,7.7,0,63.7
3.8,91.9,36.1,8.6,0,46.0
5.6,94.9,73.7,6.2,1,72.9
9.2,99.6,80.5,5.3,0,81.5
3.2,42.2,47.2,6.2,0,34.8
4.7,57.7,85.0,7.6,0,71.0
7.8,83.1,88.4,4.0,0,88.5
3.1,78.7,44.4,6.9,1,46.6
1.7,40.8,93.8,7.1,0,62.7
3.6,87.1,34.8,7.2,1,46.6
2.5,45.7,39.1,5.2,0,37.7
9.4,45.7,37.9,7.6,1,62.3
8.3,67.6,87.6,4.5,1,76.8
6.7,71.5,70.8,5.0,0,69.8
8.8,70.6,35.6,8.4,0,57.7
8.2,36.4,55.8,7.7,0,60.4
2.7,91.4,68.1,4.1,0,58.0
9.0,48.6,30.8,5.2,1,55.1
5.9,39.1,86.8,5.1,1,76.5
8.3,92.2,81.3,5.4,0,74.4
9.1,96.9,60.4,5.2,0,73.1
3.9,90.3,92.7,4.3,1,75.4
2.0,86.7,54.2,6.3,0,48.8
3.1,75.9,93.9,7.7,1,75.9
4.8,68.6,71.8,7.0,0,63.3
8.4,36.1,69.4,7.4,1,76.0
8.7,58.6,36.6,4.4,1,53.4
1.1,56.1,86.7,8.8,1,61.1
5.6,48.2,54.9,8.2,1,56.5
4.8,80.6,36.4,8.0,1,49.7
3.0,64.7,25.9,8.1,0,39.6
2.1,35.7,64.2,8.7,1,56.0
4.0,45.4,61.9,6.7,0,50.5
9.5,77.8,75.4,5.0,1,89.4
3.9,35.3,87.3,7.1,1,70.5
5.7,89.6,30.6,7.7,0,51.3
7.3,64.7,76.2,7.7,0,72.2
4.3,63.6,38.1,6.6,0,45.5
9.7,71.5,85.1,4.3,0,85.0
9.7,87.7,82.3,5.9,1,90.4
3.3,54.3,62.9,8.6,0,59.4
5.5,77.5,74.7,6.9,1,74.1
3.7,69.6,47.0,6.7,0,46.2
3.6,48.7,58.0,5.3,0,47.7
1.3,91.5,82.5,5.8,1,66.2
6.5,85.8,57.1,8.5,1,69.3
5.5,76.1,50.0,7.3,0,53.8
1.5,89.5,59.6,7.9,1,58.6
3.5,90.7,83.0,6.3,1,76.8
9.2,79.6,48.5,7.2,1,62.2
3.2,88.6,37.2,5.2,1,40.6
2.3,78.8,74.8,7.5,1,62.7
5.4,77.6,82.8,6.1,1,75.4
9.9,73.3,32.0,6.2,1,55.0
3.2,82.7,41.8,7.2,1,52.9
7.0,41.1,34.9,8.7,0,49.5
7.9,91.7,49.4,4.3,1,62.2
3.1,91.0,56.5,8.1,0,48.7
7.6,32.0,77.4,5.5,1,66.4
4.3,87.8,70.6,6.2,1,66.9
6.7,39.0,68.5,4.1,1,55.6
6.7,53.5,49.7,5.5,1,60.4
5.8,82.0,83.9,6.5,0,73.4
1.8,41.3,58.0,4.3,0,56.9
8.5,87.3,93.5,6.5,1,98.3
3.9,88.2,69.4,8.6,0,62.9
2.7,65.5,33.8,4.5,1,37.6
1.4,30.4,72.3,7.8,1,59.0
6.3,50.1,47.8,6.0,0,58.7
7.1,73.2,73.0,7.3,0,64.5
1.1,98.7,29.9,5.3,1,28.7
5.6,74.2,37.2,4.8,1,45.7
3.0,48.2,84.9,4.8,0,65.2
6.8,74.4,40.9,4.4,1,54.9
2.6,67.8,83.6,4.9,0,67.5
7.2,84.6,44.5,7.3,1,54.5
4.5,37.5,70.0,8.4,1,53.5
9.4,83.3,73.6,8.1,0,82.2
2.2,67.9,60.9,7.4,0,48.4
4.1,97.4,46.4,4.6,0,41.1
2.0,53.9,39.9,5.4,1,39.7
9.3,74.3,27.3,5.5,1,55.8
8.9,95.2,46.3,5.2,1,63.4
3.3,37.2,70.7,6.6,1,56.8
6.9,95.6,90.7,6.7,0,81.4
8.4,78.2,86.0,5.8,1,81.8
6.0,34.7,78.6,5.8,1,63.4
5.8,51.1,80.2,8.1,1,69.8
3.2,79.6,71.5,7.9,0,63.7
1.8,34.7,43.2,5.5,1,39.9
9.1,70.8,88.5,8.6,1,88.6
9.1,54.2,72.0,8.8,0,70.8
6.7,73.5,64.2,5.6,1,65.7
4.1,33.2,32.8,5.8,1,30.0
4.1,91.0,56.3,6.5,0,56.2
7.5,98.1,57.2,8.7,1,75.2
9.1,97.8,85.5,8.4,1,82.9
9.0,82.5,63.3,4.5,1,69.3
8.0,39.1,51.6,6.0,0,58.4
6.8,83.1,93.4,6.8,1,89.6
1.8,31.7,32.8,6.5,1,31.6
2.5,31.5,54.6,5.0,0,40.7
9.1,52.7,27.9,8.3,0,42.1
6.5,64.2,76.8,7.4,1,73.7
1.1,83.9,89.3,8.2,1,77.5
1.9,77.8,44.6,8.3,1,47.3
7.0,61.2,85.1,7.7,1,79.0
1.0,49.2,45.5,6.2,0,38.7
2.4,99.8,88.8,7.1,1,73.0
5.9,59.8,77.8,4.8,0,64.1
7.2,61.6,81.3,7.4,0,78.1
6.9,41.5,26.3,4.9,1,43.2
3.0,85.6,92.4,7.5,1,75.5
7.4,78.6,75.9,5.1,0,68.3
3.1,45.5,46.3,4.6,0,46.7
3.9,35.8,83.1,4.8,1,68.0
7.7,77.6,44.7,4.0,0,52.6
6.8,75.8,86.1,7.6,1,84.5
8.6,49.1,32.9,7.7,1,51.2
6.9,96.6,74.3,6.6,0,69.9
6.1,40.6,62.8,4.8,0,54.7
1.8,60.3,31.8,4.4,1,27.0
4.3,96.1,41.9,4.1,0,48.6
3.4,59.4,25.9,4.8,1,27.7
3.2,74.7,57.8,8.5,1,51.6
9.8,57.8,46.1,5.2,1,54.0
4.5,49.2,66.9,5.8,0,57.3
9.0,98.9,45.8,4.5,1,63.1
6.7,58.7,46.0,5.1,1,53.2
8.2,92.6,77.0,6.6,1,75.7
5.5,46.1,28.4,7.0,1,37.4
6.2,44.9,88.2,5.2,1,77.0
5.4,32.2,84.7,4.3,1,67.0
2.8,75.6,71.7,6.0,1,62.6
7.5,55.8,66.5,5.2,1,64.0
3.5,90.5,87.5,5.1,1,73.2
1.2,63.1,38.0,8.8,1,45.0
6.8,97.8,30.5,7.1,1,54.1
2.6,43.0,41.8,6.8,0,37.6
9.5,90.8,80.6,6.1,1,85.6
9.6,84.4,27.4,6.1,1,53.9
9.2,84.0,65.8,6.7,1,75.5
4.3,89.1,94.7,7.5,0,76.4
1.1,83.3,84.9,7.5,1,65.6
9.4,73.8,61.5,4.9,0,69.5
4.9,39.2,29.5,6.5,1,36.1
9.7,32.3,83.2,6.1,1,76.6
9.7,94.5,66.9,8.4,0,71.7
8.7,73.2,33.0,7.2,1,49.1
3.7,85.8,31.6,6.7,0,35.7
4.5,63.7,88.7,4.6,0,70.7
8.7,38.2,71.8,7.0,1,69.6
3.9,38.8,83.1,4.6,1,67.6
2.5,78.0,86.5,5.7,1,68.8
6.0,60.1,65.0,4.7,1,55.1
9.4,44.0,61.2,7.5,0,70.2
7.3,64.4,55.1,5.0,0,62.2
6.1,34.5,47.2,6.0,1,48.0
1.9,70.7,55.4,8.5,0,50.8
6.5,48.8,79.2,5.0,0,65.3
9.9,85.8,67.1,6.5,1,78.3
2.3,51.7,87.5,6.1,0,58.9
5.7,61.9,56.0,4.1,0,47.3
8.9,30.8,67.5,8.0,1,69.8
7.7,35.1,69.2,4.3,0,63.8
7.3,57.5,66.4,6.4,1,66.5
7.3,63.6,74.2,6.8,0,66.1
4.2,72.0,41.6,7.1,1,47.2
3.6,50.4,60.9,7.4,0,54.5
8.3,78.6,32.3,5.3,0,50.4
8.3,90.2,51.9,4.0,1,64.7
8.8,84.6,59.1,7.6,1,68.9
9.2,32.8,70.7,6.7,1,77.7
5.6,63.6,91.5,8.2,1,75.0
5.5,37.3,67.0,8.1,0,62.8
8.2,46.9,77.1,8.2,0,78.9
6.8,99.1,60.4,6.4,0,67.2
7.3,40.0,69.4,5.7,1,66.7
8.2,64.9,30.0,8.0,0,47.8
9.0,73.3,42.8,6.3,0,62.6
4.0,79.2,50.3,4.9,1,46.3
4.4,69.2,58.1,8.3,1,55.1
1.8,30.7,28.2,8.4,0,28.2
6.2,52.9,34.8,6.3,1,52.4
1.3,66.2,44.4,4.4,0,39.3
5.2,36.2,93.0,5.9,0,68.6
5.9,54.5,48.2,8.0,1,54.4
3.6,32.3,58.7,8.5,0,48.9
6.3,35.5,38.7,5.0,1,44.2
1.3,57.8,67.8,4.3,1,56.2
1.3,39.3,44.6,8.4,0,32.9
8.4,69.7,39.5,5.9,0,60.9
4.2,78.3,61.2,6.7,0,60.7
2.1,86.0,25.4,8.8,1,41.7
5.7,44.0,25.5,4.3,0,34.3
7.9,41.7,40.3,7.2,1,53.7
2.9,37.3,27.6,4.4,1,26.4
6.6,74.6,32.6,5.9,0,44.5
1.8,79.5,48.7,8.0,1,50.1
1.5,32.2,81.2,6.2,0,61.8
5.8,95.5,65.0,9.0,0,62.6
5.9,33.6,60.9,6.8,0,55.6
6.7,67.9,45.5,5.6,0,52.4
7.5,79.6,90.2,5.1,0,74.8
9.8,91.0,52.8,5.8,0,69.6
5.6,80.0,31.1,5.9,0,40.9
3.9,86.1,68.2,4.3,1,61.0
8.2,53.8,33.0,5.8,0,46.9
3.4,87.0,49.2,6.3,1,48.6
5.0,35.6,60.5,7.6,1,57.9
1.7,92.6,86.2,7.3,1,68.4
1.2,68.3,59.5,7.5,0,47.1
9.7,87.2,74.2,4.0,1,76.6
8.5,61.7,94.5,5.1,1,87.3
7.3,75.1,34.2,7.3,0,57.0
4.7,66.8,44.2,6.4,0,48.4
2.6,81.2,52.6,4.0,1,53.2
2.4,35.7,54.5,8.0,0,40.4
3.3,34.2,53.8,7.9,0,48.2
5.9,47.3,88.5,6.7,0,69.1
7.4,41.2,75.0,4.3,0,61.4
6.9,91.0,67.6,7.8,1,69.3
3.5,45.3,46.7,6.9,0,49.3
9.6,98.3,82.7,7.9,0,89.4
7.6,53.6,91.9,7.8,0,82.1
6.0,42.7,82.5,8.0,1,67.4
6.5,85.3,25.1,6.6,1,45.6
4.8,76.1,69.5,4.7,0,62.8
3.2,64.9,28.6,7.4,0,36.8
4.2,68.9,43.0,7.1,1,41.8
7.8,80.3,29.2,7.7,0,46.2
1.1,46.0,67.3,4.8,0,47.9
2.0,99.7,73.1,5.0,1,63.8
1.4,98.2,33.0,8.5,0,29.5
1.4,75.5,51.9,7.7,0,45.1
8.7,44.0,56.9,8.5,1,67.3
7.3,77.6,50.8,7.8,1,66.1
5.3,35.1,33.5,7.0,0,43.6
1.9,32.1,54.3,7.3,1,48.5
5.4,48.0,77.6,8.4,0,64.5
5.3,62.4,30.0,6.9,0,33.9
2.6,90.8,30.6,7.2,0,36.6
4.9,80.9,49.8,4.8,1,58.1
4.6,82.0,90.9,6.4,1,82.9
6.5,59.8,71.8,7.6,0,70.6
6.7,54.2,72.5,5.4,0,68.1
1.4,56.0,50.3,5.0,1,44.8
4.4,99.1,66.6,5.6,1,62.3
6.6,32.8,25.7,5.2,1,40.1
5.5,90.7,69.5,5.1,0,71.8
8.7,70.5,88.9,6.1,1,81.3
6.9,60.7,67.9,8.5,1,76.4
2.5,80.8,86.2,6.5,0,65.7
1.6,64.1,75.7,4.9,0,61.3
6.8,91.1,33.4,4.4,0,42.4
1.2,93.0,88.2,7.5,1,71.7
6.3,59.5,29.7,5.9,0,39.8
9.5,49.4,62.4,8.1,0,63.8
6.2,71.5,34.9,7.3,0,48.6
4.5,93.9,25.8,8.0,0,45.3
6.8,44.7,54.5,5.4,1,54.9
5.1,73.6,45.7,7.5,0,45.2
5.9,74.2,59.0,5.3,1,61.0
9.5,81.3,65.4,8.7,1,77.0
4.5,39.2,28.1,7.2,1,41.1
9.7,80.1,33.6,5.6,0,59.0
9.1,93.6,64.1,5.3,1,73.9
2.8,42.6,49.0,5.0,0,49.6
1.6,46.6,76.0,7.5,0,57.4
1.9,98.0,70.7,5.1,0,56.1
1.2,42.7,84.2,7.0,1,55.2
1.8,89.8,73.5,5.3,0,57.1
7.1,64.5,55.1,7.3,0,59.0
1.6,47.3,72.1,8.1,0,58.7
3.9,91.0,44.3,7.9,1,53.9
8.6,61.2,46.4,7.8,1,57.2
1.2,66.0,80.2,4.9,1,60.8
8.3,55.1,56.2,4.4,0,63.4
3.5,71.5,80.9,7.5,1,75.0
2.1,41.4,82.6,5.8,0,63.0
7.3,57.4,85.0,6.2,0,78.7
6.7,97.9,89.2,4.2,1,81.7
8.9,48.1,55.2,5.3,0,63.2
7.6,76.0,47.3,4.2,1,63.5
8.2,52.8,65.8,8.4,0,63.4
3.5,84.1,51.0,5.2,1,50.5
2.6,39.2,67.1,6.8,0,49.7
7.8,97.9,74.4,4.2,0,75.1
8.3,61.8,73.2,7.3,0,78.0
9.9,46.5,51.2,5.6,0,59.7
4.7,35.1,36.7,8.5,0,32.7
4.3,41.9,55.1,8.4,1,52.8
8.0,66.4,35.0,5.6,0,54.0
4.1,53.6,87.3,8.5,1,75.1
9.4,88.0,49.2,9.0,1,70.8
8.7,60.2,35.8,8.1,1,55.3
4.9,47.4,26.8,8.2,0,33.2
7.8,73.2,70.2,5.2,0,71.7
7.8,79.5,69.6,6.9,0,67.9
1.9,41.7,48.8,4.3,1,50.4
9.1,41.7,30.0,4.5,0,49.3
5.5,32.6,53.7,9.0,0,51.4
8.4,81.5,46.8,5.6,1,59.4
3.9,76.5,72.4,7.7,1,65.5
9.1,63.2,67.4,8.0,1,74.1
4.5,89.1,50.5,8.3,1,61.5
1.1,86.4,40.3,9.0,1,44.0
9.1,71.0,94.2,5.2,1,85.4
1.8,90.8,56.8,4.2,0,55.7
3.9,44.4,73.2,6.1,1,62.0
9.6,37.8,34.8,4.7,0,53.8
9.6,48.9,59.0,4.1,0,62.2
6.2,34.0,26.9,5.8,0,39.8
6.7,67.2,60.4,7.9,1,66.8
5.0,95.6,92.5,6.8,0,70.8
3.6,32.8,51.9,5.6,1,55.9
4.0,38.5,27.7,7.3,1,42.6
7.1,61.7,27.2,5.2,0,41.5
7.8,95.4,52.2,4.1,1,59.1
8.1,52.1,36.2,7.8,0,53.0
8.1,65.5,26.6,7.1,0,47.5
1.8,32.9,77.9,7.8,1,60.8
5.4,40.4,57.1,4.2,0,53.1
1.5,99.1,45.2,8.2,0,47.1
5.9,97.6,88.0,7.1,0,84.4
5.0,30.3,33.1,6.8,1,43.9
9.0,96.6,91.9,7.1,0,84.2
4.2,74.7,47.0,8.3,1,58.4
2.1,90.8,87.2,6.9,1,76.9
2.3,61.8,67.2,6.9,0,67.0
7.9,66.1,82.9,9.0,0,74.7
6.6,64.2,93.9,7.8,1,84.3
1.9,76.7,45.2,6.2,1,36.4
1.8,39.8,92.3,7.5,0,67.5
7.3,32.1,52.3,5.9,0,52.8
1.7,51.6,52.0,5.1,1,52.3
8.4,79.3,48.8,7.0,1,60.8
7.4,44.1,62.9,8.6,1,60.1
1.7,77.1,35.8,8.6,1,39.1
1.8,97.9,63.8,5.7,1,48.5
9.9,36.6,62.9,6.6,0,71.3
4.4,77.1,78.3,5.1,1,60.1
4.3,61.1,83.4,9.0,1,72.5
8.3,90.8,55.8,8.9,0,59.3
9.5,42.4,46.2,7.2,0,57.9
9.9,78.5,43.2,8.0,1,71.8
7.8,88.7,38.6,7.6,1,59.6
4.4,96.1,29.0,7.0,0,38.7
1.8,77.8,49.0,4.3,1,45.0
8.0,64.8,43.9,6.3,1,58.2
6.0,73.2,92.6,7.4,0,81.1
4.8,90.8,64.0,7.4,1,59.2
9.2,69.9,49.3,5.9,0,64.2
2.0,32.1,65.6,8.7,0,40.4
5.4,95.2,34.7,4.8,0,43.4
1.1,78.3,56.1,6.5,0,44.7
5.2,77.4,68.8,7.5,1,69.6
1.5,45.1,59.2,7.5,0,46.9
2.1,76.1,53.1,7.2,1,44.7
2.1,57.6,94.6,5.4,1,65.9
6.8,75.6,86.6,4.8,1,79.3
7.7,37.5,68.6,7.2,1,68.7
6.3,76.0,64.9,7.0,1,64.8
9.7,100.0,68.4,4.9,0,73.9
4.4,33.4,39.1,7.5,0,44.6
3.6,98.4,52.7,6.3,0,50.8
8.8,58.5,27.8,7.3,0,48.6
3.0,91.0,58.3,8.2,1,66.4
9.7,84.8,63.0,4.8,0,65.5
1.1,69.7,40.9,4.1,1,30.6
9.7,81.7,92.5,7.9,1,95.2
1.4,91.5,88.7,7.0,0,64.3
9.0,58.3,75.6,7.5,0,74.6
5.7,52.9,62.3,8.2,0,57.2
9.9,76.7,85.9,8.0,0,85.0
1.7,86.5,34.1,8.8,1,47.6
6.0,83.4,80.3,6.7,1,78.6
9.7,85.8,33.7,6.4,0,59.9
5.7,60.5,80.6,6.0,1,66.3
6.7,87.2,44.3,4.8,1,51.6
7.3,38.4,86.4,6.9,1,66.3
5.1,68.1,91.1,5.4,0,70.7
6.6,30.4,35.4,8.6,1,52.2
6.3,52.7,57.4,6.9,0,60.2
9.1,55.7,93.7,7.0,0,84.6
1.4,57.7,58.8,5.8,1,48.7
3.5,78.7,85.4,4.3,1,66.8
9.6,57.2,66.2,4.2,0,70.3
9.0,61.4,51.3,6.1,1,67.3
5.1,46.6,45.0,4.4,1,41.7
6.6,56.1,39.2,7.0,0,50.5
3.5,45.9,78.3,8.4,0,66.9
2.7,35.1,52.1,8.4,0,44.0
5.2,72.2,60.8,7.3,0,62.3
4.2,76.8,59.5,5.1,1,68.7
6.3,73.4,65.4,8.3,1,67.8
1.7,62.4,85.6,8.4,0,65.9
9.8,56.6,93.7,5.0,0,82.7
9.9,90.4,53.5,7.7,0,70.1
7.3,66.3,82.9,5.4,1,79.1
5.8,63.5,78.5,8.0,0,71.2
3.8,31.8,65.1,9.0,1,54.1
8.3,53.9,91.9,4.2,0,80.9
7.2,56.6,39.0,8.5,0,57.8
2.5,57.9,32.6,7.1,0,37.4
9.2,70.6,84.8,8.9,1,90.2
8.4,67.4,55.7,6.3,1,65.0
9.5,72.6,84.3,8.2,1,89.4
7.5,83.5,87.5,4.3,0,79.8
6.5,86.9,29.4,5.7,1,44.4
4.8,80.3,86.8,4.3,1,75.0
9.4,96.9,56.4,8.9,0,67.4
8.8,31.3,60.7,8.1,0,62.5
1.4,43.7,68.9,8.3,1,55.7
1.2,30.5,89.8,8.7,1,66.1
4.4,75.3,26.3,4.4,1,34.3
8.3,92.9,58.4,5.9,1,73.6
9.9,47.0,73.1,4.4,0,75.5
2.4,94.9,75.6,5.1,0,58.3
6.3,34.2,73.5,5.1,0,57.5
4.4,95.4,34.4,6.3,1,46.4
9.7,54.6,46.0,5.3,1,60.0
8.6,37.1,50.1,4.5,0,56.8
8.5,64.0,81.3,4.8,0,74.8
5.2,48.0,44.5,4.7,1,40.5
4.7,49.9,39.7,8.9,1,46.6
3.5,51.5,92.0,7.8,0,69.5
1.5,86.2,25.6,8.8,0,36.0
8.8,67.7,94.8,6.2,0,83.1
8.3,51.8,72.4,5.4,1,79.3
10.0,72.7,83.0,8.0,1,79.2
10.0,80.1,45.6,5.6,1,70.3
6.0,49.1,26.0,5.5,1,40.2
7.9,58.9,76.7,5.2,1,77.9
9.5,38.5,83.4,4.6,1,80.0
8.6,42.7,76.8,5.3,0,76.8
3.2,77.7,35.0,5.8,0,38.1
5.1,42.7,77.7,7.4,1,63.8
2.2,66.8,78.8,4.3,0,64.6
9.6,79.6,71.1,5.1,1,77.2
6.5,37.5,78.6,8.0,0,70.5
3.1,69.7,84.2,4.7,1,72.2
7.0,48.0,68.0,5.7,0,60.1
6.6,97.4,31.2,8.3,0,52.4
4.2,63.8,59.1,4.8,1,53.4
2.0,86.4,30.4,4.4,1,35.9
7.0,68.5,53.5,6.4,0,59.2
5.7,33.0,53.5,5.5,0,45.4
8.0,74.3,29.6,6.8,1,48.5
5.7,96.6,49.4,8.0,0,62.9
8.7,72.1,32.8,4.7,1,56.8
6.0,87.3,81.6,6.9,1,76.4
6.0,91.9,91.3,6.5,0,80.6
8.9,46.0,30.1,4.7,1,48.5
4.6,44.8,91.9,7.1,0,77.6
2.2,72.8,61.6,5.4,0,50.2
1.3,58.8,46.0,6.4,1,43.0
7.8,88.8,30.4,4.4,0,53.2
6.6,93.0,60.0,6.3,1,63.2
7.3,54.7,80.6,5.5,1,81.2
2.9,46.6,74.5,8.1,1,55.7
2.2,84.6,28.5,4.3,0,39.6
1.1,49.2,30.1,6.1,1,30.1
4.2,87.6,53.2,6.3,0,52.6
6.3,59.7,45.7,7.6,1,47.9
4.5,76.7,41.3,6.9,1,47.8
4.9,36.7,44.7,7.3,1,44.7
9.1,73.7,81.2,7.9,0,78.7
4.1,61.6,90.0,8.3,0,72.0
5.6,71.1,53.4,5.6,1,61.3
8.1,41.8,88.4,6.7,1,81.7
4.6,81.6,47.5,8.2,0,53.6
6.6,90.4,58.4,8.9,0,60.4
8.8,45.2,40.8,8.4,0,52.2
9.5,36.7,69.8,5.9,1,80.2
2.3,31.7,93.5,5.0,0,61.4
9.3,74.9,67.2,6.4,1,81.9
5.4,72.5,50.0,7.7,0,53.4
3.3,68.3,70.3,6.5,1,61.5
5.1,46.2,33.6,6.4,1,47.8
9.8,57.4,87.2,8.2,1,92.3
5.4,71.6,60.2,5.8,0,58.0
4.0,64.8,56.5,8.3,0,52.6
6.7,99.1,66.0,6.0,0,67.5
3.2,39.6,68.7,5.6,1,58.1
1.7,78.7,30.0,6.3,1,39.7
2.2,58.3,72.8,7.8,0,57.6
2.2,60.0,41.9,4.6,1,43.2
2.4,80.2,75.0,5.0,1,68.3
2.2,78.5,82.6,8.8,1,69.8
6.8,99.4,81.3,4.9,0,76.8
2.6,39.0,63.7,6.8,1,47.3
4.1,37.3,61.4,6.9,0,42.7
9.1,80.7,35.0,6.4,0,56.7
5.3,70.5,79.3,7.2,0,69.3
7.0,49.2,44.0,5.1,0,48.6
2.6,35.6,59.8,6.8,0,49.4
2.7,36.0,44.9,5.9,1,42.0
1.4,92.6,34.4,7.3,0,42.0
2.5,43.4,69.1,4.7,0,52.7
3.5,52.6,28.8,6.9,0,32.4
2.6,45.9,77.4,4.9,1,64.0
1.8,54.8,47.2,5.4,1,41.9
2.1,34.9,25.0,5.1,1,31.2
5.1,66.3,60.8,4.9,1,57.3
2.9,34.7,28.3,8.1,0,30.2
4.3,86.0,44.3,5.4,0,48.4
5.5,46.4,74.5,8.6,1,68.8
7.2,67.8,29.4,8.8,1,52.4
1.4,91.6,83.8,6.9,1,65.7
8.2,75.6,25.3,4.7,1,40.9
6.7,67.3,42.3,5.9,0,49.7
1.7,52.7,76.9,8.0,1,63.9
8.9,53.3,47.1,5.8,1,59.4
9.3,76.9,32.1,4.4,1,53.6
1.5,99.6,50.2,6.8,1,53.2
3.5,76.3,43.9,8.2,1,46.7
8.3,69.0,84.0,8.0,1,76.6
7.7,81.1,46.9,4.9,1,58.9
2.7,62.6,80.2,7.4,0,61.1
2.9,34.2,87.4,5.1,0,59.0
4.3,69.4,55.4,5.1,0,51.5
5.4,97.0,88.7,8.4,0,80.7
6.6,42.3,51.4,5.2,0,53.1
4.3,78.3,92.5,5.3,0,74.9
5.2,44.1,31.3,4.0,1,47.6
7.7,67.5,73.1,8.4,1,74.1
1.3,36.8,59.6,8.0,0,47.2
3.3,61.5,52.1,7.1,1,49.2
7.4,82.9,69.3,7.8,0,67.8
9.1,54.3,74.3,4.8,1,73.0
5.6,76.5,25.3,6.3,1,41.2
5.8,85.7,36.7,5.8,1,51.8
2.0,94.9,74.9,4.5,1,71.2
5.0,46.4,71.6,6.4,1,61.3
5.8,58.0,92.6,8.6,1,78.9
3.2,40.7,78.3,4.2,0,58.2
3.4,99.5,91.6,5.5,0,74.8
4.4,94.9,74.2,5.0,1,68.9
1.2,67.8,45.9,5.2,0,44.3
3.9,88.9,32.4,8.5,1,36.1
2.9,66.5,79.7,6.3,0,53.2
3.9,73.7,70.1,6.3,1,61.2
2.1,36.2,28.4,7.8,0,35.1
9.0,82.9,50.2,4.8,1,58.5
6.3,38.9,92.0,6.4,0,63.3
7.1,87.8,60.0,6.1,1,69.2
8.1,84.7,55.3,7.0,0,65.7
5.5,79.6,57.0,9.0,1,58.4
1.8,32.5,39.6,7.8,1,34.3
5.8,51.2,50.8,6.0,1,51.0
6.3,48.4,50.9,8.1,0,55.5
7.7,55.2,28.7,4.9,0,42.0
4.9,36.1,78.7,4.2,0,64.5
2.1,95.6,54.2,5.0,1,39.7
3.6,68.8,82.6,5.7,0,62.4
4.3,51.4,84.5,6.6,1,65.6
6.8,57.8,39.8,7.1,0,49.3
6.1,61.3,71.0,8.6,0,65.2
4.2,72.0,58.1,6.5,0,58.0
9.9,66.1,86.6,6.5,0,76.8
6.5,94.4,40.1,4.3,1,53.9
3.1,64.8,72.4,4.2,0,59.6
1.9,99.5,67.5,6.8,0,64.7
2.4,89.6,45.7,6.2,1,45.6
3.2,44.6,34.6,8.2,1,41.8
2.4,95.1,70.6,4.8,0,51.0
2.7,38.1,76.7,4.1,0,46.5
3.6,87.2,47.1,6.2,1,54.5
2.6,56.6,70.1,5.2,1,57.4
9.1,91.5,52.7,4.2,1,71.5
1.7,90.8,74.9,7.6,0,55.1
5.7,86.4,38.9,4.6,0,50.0
4.7,85.3,87.3,7.0,0,81.4
9.8,51.3,45.1,5.4,1,62.9
2.0,35.7,50.7,4.9,1,44.0
4.6,58.2,29.1,5.9,1,40.6
9.7,42.1,32.8,8.0,0,46.6
8.8,78.6,61.1,6.0,1,76.2
8.4,54.2,43.7,7.8,0,54.3
3.3,98.3,83.5,4.6,1,72.2
2.5,74.9,26.0,7.9,0,28.1
7.0,87.6,51.5,5.2,0,54.0
9.4,39.3,48.6,7.4,1,68.3
6.0,90.3,26.4,6.8,0,42.6
6.1,94.6,33.7,8.6,1,58.4
3.5,64.1,54.0,5.9,0,49.3
7.9,72.4,59.5,4.3,1,58.3
2.7,83.5,53.3,4.1,1,53.8
3.9,42.2,62.2,8.1,0,52.3
4.8,65.2,66.7,6.6,1,65.8
5.6,57.9,25.7,7.9,0,40.3
3.2,40.2,57.5,5.2,1,44.1
2.0,55.7,92.4,5.7,1,69.1
6.5,34.8,61.3,4.2,1,68.1
3.6,31.8,72.4,8.8,1,63.5
6.2,39.5,46.8,7.3,0,50.8
2.4,97.4,79.2,8.7,1,73.1
5.3,68.5,79.1,5.3,1,71.2
5.8,97.6,61.5,7.1,0,64.6
1.5,60.3,93.3,7.4,0,62.6
4.0,51.8,33.8,5.6,0,39.2
2.2,65.4,26.2,8.2,0,37.2
1.6,60.8,78.9,8.7,0,57.1
9.9,37.4,81.5,8.4,0,85.7
3.9,74.9,33.4,7.7,1,43.9
8.3,45.1,43.6,5.4,0,50.0
3.3,73.4,26.2,5.4,1,40.8
7.1,75.5,45.5,8.8,0,56.2
7.8,40.6,79.1,4.1,1,75.9
6.4,34.3,61.3,7.6,1,60.6
5.2,84.7,49.4,7.5,1,56.9
4.7,62.2,51.0,7.1,0,53.7
4.1,34.1,25.1,9.0,0,35.8
9.4,99.6,46.0,5.6,0,55.3
8.5,34.0,70.3,5.7,0,63.4
9.7,78.7,93.2,4.4,1,93.1
2.1,98.9,84.3,6.2,0,65.9
7.6,46.7,26.7,5.3,1,43.0
9.4,40.0,87.9,5.7,1,77.5
2.6,38.5,79.8,8.2,0,56.5
1.6,51.2,79.6,8.7,0,51.8
7.7,37.1,57.1,4.9,0,57.9
6.2,78.5,52.9,5.9,1,57.3
8.6,34.4,46.2,8.6,0,53.4
2.3,65.7,29.6,4.3,1,34.3
8.2,99.8,41.0,4.5,0,58.1
2.8,87.0,42.3,4.8,1,53.7
2.5,73.1,58.9,7.0,0,45.5
2.5,51.4,77.3,4.8,0,62.4
8.3,73.7,58.2,8.8,1,73.6
7.0,66.9,29.0,6.2,0,42.0
5.7,59.8,92.0,6.5,0,76.8
4.2,39.1,91.0,5.2,0,66.8
8.9,92.1,80.0,6.4,0,81.3
4.5,61.5,94.4,7.3,0,81.2
8.3,43.6,63.1,7.8,0,68.5
5.0,55.7,92.4,7.8,0,77.2
4.4,59.0,30.3,6.9,1,39.9
5.2,87.9,50.6,8.5,1,53.0
3.7,81.4,40.8,8.1,0,45.5
7.7,83.9,38.7,7.8,0,60.0
5.5,30.8,34.9,4.3,0,33.4
3.1,59.1,68.6,4.0,1,52.9
9.1,63.7,79.7,5.1,1,80.0
4.5,31.3,65.5,7.3,0,52.3
5.9,48.2,35.3,6.1,1,43.2
9.2,83.2,81.8,6.0,0,79.4
6.6,39.6,69.5,8.4,0,59.9
2.1,67.5,52.2,8.5,0,43.6
9.5,45.1,72.2,8.5,0,77.6
6.6,30.8,43.2,5.6,1,45.1
4.0,46.9,49.2,7.5,1,43.9
2.3,98.3,89.2,5.4,0,66.4
8.1,86.1,45.3,5.0,1,63.2
6.6,97.2,57.9,4.9,1,63.7
5.8,64.1,87.3,5.7,0,71.6
9.0,37.7,74.5,6.1,1,74.8
8.1,68.4,29.4,8.2,0,42.8
2.4,61.8,35.3,4.6,0,37.3
3.8,89.1,25.5,7.7,0,40.1
3.2,36.9,69.2,6.7,0,53.5
7.7,64.2,56.3,5.4,1,67.5
1.3,40.5,34.4,6.5,0,26.9
6.1,52.7,92.1,5.5,1,82.6
7.9,81.6,62.1,7.0,0,68.3
8.9,63.3,41.9,6.2,0,55.2
4.1,56.3,60.0,4.8,1,55.1
8.4,57.6,72.6,4.6,0,69.9
2.0,62.2,30.3,6.7,1,40.6
8.6,85.0,44.2,8.5,1,59.3
2.1,92.4,81.5,5.7,0,60.8
4.6,96.9,57.2,7.7,0,63.0
8.2,85.1,63.3,7.3,0,67.3
2.3,52.1,55.3,8.7,0,51.9
3.1,78.2,28.1,8.1,0,44.3
7.5,60.6,36.6,6.8,0,48.8
7.5,47.8,56.2,7.3,1,65.5
6.8,88.9,39.6,8.5,1,52.4
7.2,32.7,28.5,6.0,0,44.8
5.9,93.1,84.1,5.6,1,78.1
3.3,62.3,93.7,4.1,1,73.7
4.1,74.6,80.5,8.1,0,65.9
2.6,76.2,84.8,8.0,0,60.5
9.2,92.7,41.9,4.5,1,63.4
6.3,74.6,92.2,6.9,0,71.2
4.6,73.0,38.8,6.3,1,46.4
5.2,34.7,91.6,4.6,0,74.3
9.5,66.3,94.6,8.9,1,92.8
2.4,40.5,74.8,5.1,1,65.6
6.3,81.6,93.7,4.3,1,85.5
5.6,65.9,64.9,7.0,1,61.8
6.5,77.6,43.2,7.7,0,54.0
1.2,32.9,55.6,4.2,0,40.0
8.8,35.9,66.5,7.3,1,64.2
9.4,80.1,30.1,6.7,1,52.2
6.1,35.0,68.6,4.5,0,57.8
7.3,35.0,93.7,4.9,0,69.1
9.3,30.8,38.3,6.8,1,55.5
7.4,97.0,80.5,5.5,1,78.4
2.4,81.6,88.6,8.7,1,65.7
6.2,54.7,91.1,8.1,1,81.7
6.5,50.8,92.2,8.9,1,84.5
4.8,54.5,61.5,5.3,0,56.4
7.6,84.2,93.4,8.8,1,87.0
9.4,76.3,78.0,6.2,0,81.4
9.3,43.0,36.3,5.7,0,54.8
5.1,42.2,58.4,4.3,0,53.8
2.0,36.9,75.3,4.3,1,52.7
9.9,76.2,42.3,7.5,0,62.7
8.6,83.5,69.8,6.3,0,78.1
2.1,48.6,71.7,5.1,0,51.2
9.3,31.5,36.4,7.1,0,60.5
8.8,35.8,64.6,5.3,1,65.7
5.7,97.8,79.0,6.9,1,75.6
6.3,50.7,59.9,5.8,0,55.7
4.6,83.8,25.8,8.1,0,41.4
1.5,73.7,25.6,8.1,1,27.2
4.0,56.7,50.0,6.4,1,48.6
8.2,44.4,89.8,5.8,1,77.1
1.0,38.5,41.0,5.8,0,34.1
4.0,73.1,69.4,8.0,1,68.4
4.6,84.2,40.5,5.6,0,49.3
5.8,75.1,47.5,5.0,0,42.6
9.3,67.1,84.4,4.4,1,90.6
4.1,32.9,76.0,6.3,0,61.6
4.1,97.8,31.7,6.4,1,42.0
7.6,85.9,55.0,8.2,0,65.0
5.1,50.5,27.0,5.1,1,39.9
3.0,98.6,58.7,5.9,0,51.7
5.1,72.1,71.4,8.0,0,66.4
2.3,70.8,33.3,8.1,1,37.7
2.6,82.4,45.2,5.9,1,45.2
5.5,86.8,52.8,6.3,1,56.3
4.8,76.0,89.4,5.5,1,69.9
9.2,39.0,94.5,8.7,0,86.4
4.3,53.7,28.1,4.6,1,40.1
6.2,95.0,78.3,8.7,1,79.6
6.7,45.7,51.0,7.4,0,58.6
1.1,56.1,52.5,6.7,1,46.4
7.0,60.2,77.8,4.2,1,70.0
2.6,60.8,89.3,6.4,0,70.2
9.6,72.9,91.6,6.0,1,83.5
2.3,96.0,65.4,4.8,1,54.1
4.7,46.8,50.0,7.3,1,48.4
1.8,38.5,80.1,8.9,1,66.3
10.0,43.8,42.6,6.8,1,64.5
5.5,92.1,64.5,7.6,1,69.0
6.4,75.2,50.1,4.3,0,58.8
1.6,50.0,71.0,6.1,1,51.9
7.7,87.1,41.8,4.6,0,56.0
2.9,90.3,38.4,7.1,0,42.6
9.1,89.3,89.3,8.7,0,91.1
2.8,94.3,32.1,7.3,0,39.5
2.7,47.7,60.4,4.4,1,49.2
1.3,82.9,40.5,5.8,1,43.1
5.2,62.2,27.7,6.8,1,45.9
6.1,88.9,27.5,6.0,0,41.4
1.6,81.0,37.3,8.2,1,41.4
8.0,84.4,85.7,8.1,1,80.3
5.1,75.9,44.8,7.1,1,43.2
5.7,42.4,91.5,5.9,0,74.3
5.0,68.2,65.7,5.3,0,62.1
4.6,98.9,55.6,4.5,1,59.1
6.0,95.6,65.6,5.8,0,57.5
2.4,33.0,61.2,6.1,0,46.4
2.6,41.5,78.1,7.4,1,53.2
8.8,39.2,44.8,7.3,0,61.9
9.5,80.8,49.7,4.4,0,58.3
4.4,87.2,87.6,6.0,1,80.2
3.4,44.9,91.3,4.9,0,70.9
6.8,65.4,87.5,4.8,0,71.9
4.7,88.8,54.4,8.1,0,52.5
1.2,81.3,79.6,4.2,0,59.7
2.4,68.0,58.3,6.1,0,46.4
7.4,71.3,59.8,4.8,0,62.8
6.9,65.6,39.3,8.4,0,50.2
1.2,50.8,66.4,6.8,0,42.9
3.0,69.6,38.0,5.2,1,33.1
3.1,78.2,48.2,6.5,1,50.7
7.0,91.1,84.9,7.7,1,79.7
1.2,74.5,39.5,8.8,1,39.5
1.9,83.3,30.0,5.1,0,36.4
8.2,41.2,29.8,8.4,1,54.9
2.6,62.3,90.9,8.7,1,71.1
6.9,30.7,60.5,8.6,0,59.1
3.1,47.3,53.7,7.2,0,49.8
1.9,80.9,81.8,7.1,0,58.1
3.2,99.4,83.5,6.0,0,69.6
7.5,36.9,48.3,7.8,0,57.5
8.7,58.1,73.6,6.7,1,78.6
8.5,86.0,79.0,7.4,0,71.5
4.6,44.3,70.8,6.1,1,59.2
7.0,68.9,35.6,7.7,1,49.1
2.8,81.3,86.3,8.1,0,69.5
3.6,73.1,62.7,4.7,1,59.0
9.1,43.2,44.8,8.2,1,66.8
1.1,54.9,54.8,6.7,0,41.8
1.8,84.9,27.6,8.2,1,35.2
2.9,68.8,34.0,6.2,1,44.9
1.2,30.4,78.6,5.9,1,57.7
2.6,83.3,25.0,8.6,0,40.5
6.2,32.5,54.2,5.3,0,54.0
4.8,82.2,61.6,8.2,0,56.0
9.0,44.2,28.8,6.4,1,45.0
8.4,97.1,93.1,6.6,0,81.0
4.1,55.8,40.8,5.5,1,47.8
3.3,52.9,46.3,6.9,0,49.3
4.4,40.4,46.3,5.6,1,54.9
6.3,51.4,41.1,4.2,0,50.2
3.4,91.4,25.1,5.4,0,40.4
6.6,99.7,76.1,4.0,1,71.7
4.7,55.8,92.7,8.9,0,70.8
6.0,61.4,40.7,8.8,1,56.5
4.9,80.5,71.4,6.0,0,66.0
3.7,92.0,76.9,7.6,0,67.3
9.5,71.5,84.4,5.7,1,85.9
7.9,57.4,54.6,7.4,1,65.2
2.3,58.9,46.2,8.0,1,51.1
8.8,78.7,47.8,8.7,0,68.3
5.4,30.2,74.9,6.0,1,67.2
9.1,73.4,82.2,7.9,0,85.0
8.2,54.9,37.7,5.3,1,55.5
4.8,85.6,51.0,9.0,1,56.5
1.2,36.5,88.1,4.1,1,63.9
3.4,71.2,81.5,7.0,1,63.0
5.9,63.7,93.9,7.3,1,85.3
6.7,75.0,77.8,7.4,1,70.7
3.3,34.5,52.5,4.6,0,45.4
2.3,70.6,66.3,8.7,1,55.4
8.5,69.3,71.3,4.9,0,73.5
9.9,69.2,30.5,7.1,1,56.5
5.7,72.2,63.1,5.1,1,56.4
2.5,77.4,74.7,5.5,1,63.7
3.5,86.3,36.7,6.7,0,40.6
1.2,48.9,79.6,6.1,0,60.1
9.2,87.8,65.9,4.8,1,74.4
2.1,64.9,91.7,4.9,0,67.7
6.2,35.4,28.0,6.1,1,38.0
3.5,34.1,43.6,7.8,1,42.5
6.0,53.4,67.1,8.5,0,62.2
6.9,84.9,45.8,4.4,0,57.9
8.5,79.5,75.0,6.0,0,82.0
2.9,85.2,78.1,4.5,0,59.1
1.1,66.2,32.2,4.1,1,37.2
2.2,60.8,61.0,7.3,0,42.3
9.1,40.3,60.6,7.0,0,60.9
8.9,53.0,50.8,4.8,1,58.0
6.4,60.4,90.3,5.2,0,70.5
6.4,36.2,82.9,4.1,0,62.2
7.0,45.4,73.8,8.2,0,70.8
2.6,71.9,75.0,8.9,0,61.2
9.2,81.5,57.3,4.7,1,70.4
4.8,99.9,89.5,5.2,1,80.6
4.4,95.3,73.6,8.3,0,68.7
5.7,75.0,76.0,8.6,0,73.1
1.4,59.5,85.3,6.1,1,63.5
2.5,74.5,44.2,4.3,0,36.7
7.6,85.0,81.5,4.2,0,79.9
1.7,38.3,38.7,6.9,0,32.5
6.4,58.7,49.2,6.0,0,50.0
3.2,88.8,48.5,4.1,0,46.1
4.5,56.9,93.5,6.9,0,70.2
3.6,70.0,85.0,4.1,0,64.4
4.2,71.1,74.1,7.9,0,66.1
7.5,42.9,75.9,5.5,0,70.6
3.7,55.4,64.3,4.2,1,52.4
6.1,53.4,91.3,6.9,1,76.9
5.3,31.8,59.7,6.0,1,60.9
7.0,31.7,51.6,8.9,0,58.2
9.4,88.2,36.4,6.7,0,66.0
7.6,49.1,80.0,5.4,1,79.5
2.9,66.3,76.4,7.5,0,66.5
1.3,50.9,51.9,5.4,1,38.2
3.4,95.8,26.8,8.5,0,42.7
6.4,48.2,83.7,5.9,1,73.9
1.5,60.1,25.8,6.7,1,29.6
5.5,91.1,74.3,4.3,1,70.3
6.4,88.9,92.9,6.1,0,84.6
4.0,43.0,55.6,8.2,1,55.9
7.9,86.2,41.4,8.0,0,54.0
2.0,62.1,74.3,5.1,0,59.1
1.7,63.8,82.2,5.1,0,57.4
7.6,39.3,63.3,8.1,0,65.1
5.5,35.6,92.7,8.7,0,74.0
7.2,81.0,28.6,4.5,0,44.6
4.9,64.8,60.3,6.3,0,60.0
3.2,60.6,75.3,5.7,1,58.4
8.4,81.1,85.4,8.4,1,93.1
8.2,83.6,37.5,4.4,1,48.2
7.3,41.1,81.0,5.1,0,68.6
3.4,72.7,63.7,7.8,0,58.5
6.3,39.5,52.8,4.3,0,54.5
4.2,82.6,34.2,6.5,0,42.4
1.8,76.0,85.6,6.2,1,66.4
9.3,97.0,36.0,5.7,0,59.0
2.2,34.8,46.7,6.0,1,41.0
9.6,34.0,45.3,6.6,0,63.2
5.0,49.8,86.0,4.8,1,74.5
